Referenz;Datum;Beschreibung;Betrag_EUR;Datenstatus
DEMO-001;2026-10-02;Musterposition 01;120.00;SYNTHETISCHE DEMO – keine Kundendaten
DEMO-002;2026-10-03;Musterposition 02;245.50;SYNTHETISCHE DEMO – keine Kundendaten
DEMO-003;2026-10-04;Musterposition 03;89.90;SYNTHETISCHE DEMO – keine Kundendaten
DEMO-004;2026-10-05;Musterposition 04;510.00;SYNTHETISCHE DEMO – keine Kundendaten
DEMO-005;2026-10-06;Musterposition 05;180.00;SYNTHETISCHE DEMO – keine Kundendaten
DEMO-006;2026-10-07;Musterposition 06;79.95;SYNTHETISCHE DEMO – keine Kundendaten
DEMO-007;2026-10-01;Musterposition 07;132.40;SYNTHETISCHE DEMO – keine Kundendaten
DEMO-008;2026-10-02;Musterposition 08;560.00;SYNTHETISCHE DEMO – keine Kundendaten
DEMO-009;2026-10-03;Musterposition 09;199.00;SYNTHETISCHE DEMO – keine Kundendaten
DEMO-010;2026-10-04;Musterposition 10;340.00;SYNTHETISCHE DEMO – keine Kundendaten
DEMO-011;2026-10-05;Musterposition 11;99.00;SYNTHETISCHE DEMO – keine Kundendaten
DEMO-011;2026-10-05;Musterposition 11;99.00;SYNTHETISCHE DEMO – keine Kundendaten
DEMO-012;2026-10-06;Musterposition 12;125.00;SYNTHETISCHE DEMO – keine Kundendaten
DEMO-014;2026-10-01;Musterposition 14;0.00;SYNTHETISCHE DEMO – keine Kundendaten
DEMO-015;2026-10-02;Musterposition 15;480.00;SYNTHETISCHE DEMO – keine Kundendaten
DEMO-016;2026-10-03;Musterposition 16;275.00;SYNTHETISCHE DEMO – keine Kundendaten
